Match_No,Umpire1,Umpire2,Third_Umpire,Referee,Player_of_Match,Toss_Winner,Toss_Decision,Match_Winner,Result_Margin,Date,Time,Team1,Team2,Venue_x,Status,Team1_Runs,Team1_Wickets,Team1_Overs,Team2_Runs,Team2_Wickets,Team2_Overs,Winner,Is_Super_Over,Margin,WonBy,Captain_Team1,Coach_Team1,Owner_Team1,Venue_y,Captain_Team2,Coach_Team2,Owner_Team2,Venue
Match 1,Vinod Seshan,Vinod Seshan,Vinod Seshan,Prakash Bhatt,Krunal Pandya,Royal Challengers Bengaluru,Field,Royal Challengers Bengaluru,7  Wickets,2025-03-22,19:30:00,Kolkata Knight Riders,Royal Challengers Bengaluru,"Eden Gardens, Kolkata",Completed,174,8,20.0,177,3,16.2,Royal Challengers Bengaluru,No,7.0,Wickets,Ajinkya Rahane,Chandrakant Pandit,Knight Riders Sports Private Limited,Eden Gardens,Rajat Patidar,Andy Flower,Royal Challengers Sports Private Ltd,M. Chinnaswamy Stadium
Match 2,Adrian Holdstock,Adrian Holdstock,Adrian Holdstock,Shakti Singh,Ishan Kishan,Rajasthan Royals,Field,Sunrisers Hyderabad,44  Runs,2025-03-23,15:30:00,Sunrisers Hyderabad,Rajasthan Royals,"Rajiv Gandhi International Stadium, Hyderabad",Completed,286,6,20.0,242,6,20.0,Sunrisers Hyderabad,No,44.0,Runs,Pat Cummins,Daniel Vettori,Sun TV Network Limited,Rajiv Gandhi Intl. Cricket Stadium,Sanju Samson,Rahul Dravid,Royal Multisport Private Limited,Sawai Mansingh Stadium
Match 3,Kn Ananthapadmanabhan,Kn Ananthapadmanabhan,Kn Ananthapadmanabhan,Javagal Srinath,Noor Ahmad,Chennai Super Kings,Field,Chennai Super Kings,4  Wickets,2025-03-23,19:30:00,Chennai Super Kings,Mumbai Indians,"MA Chidambaram Stadium, Chennai",Completed,158,6,19.1,155,9,20.0,Chennai Super Kings,No,4.0,Wickets,MS Dhoni,Stephen Fleming,Chennai Super Kings Cricket Limited,M. A. Chidambaram Stadium,Hardik Pandya,Mahela Jayawardene,Indiawin Sports Pvt. Ltd,Wankhede Stadium
Match 4,Ulhas Gandhe,Ulhas Gandhe,Ulhas Gandhe,Narayanankutty V,Ashutosh Sharma,Delhi Capitals,Field,Delhi Capitals,,2025-03-24,19:30:00,Delhi Capitals,Lucknow Super Giants,"Dr YS Rajasekhara Reddy ACA-VDCA Cricket Stadium, Visakhapatnam",Completed,211,9,19.3,209,8,20.0,Delhi Capitals,No,1.0,Wicket,Axar Patel,Hemang Badani,JSW GMR Cricket Pvt Ltd,Arun Jaitley Stadium,Rishabh Pant,Justin Langer,RPSG Sports Private Limited,BRSABV Ekana Cricket Stadium
Match 5,Vinod Seshan,Vinod Seshan,Vinod Seshan,Prakash Bhatt,Shreyas Iyer,Gujarat Titans,Field,Punjab Kings,11  Runs,2025-03-25,19:30:00,Gujarat Titans,Punjab Kings,"Narendra Modi Stadium, Ahmedabad",Completed,232,5,20.0,243,5,20.0,Punjab Kings,No,11.0,Runs,Shubman Gill,Ashish Nehra,Irelia Sports India Private Limited,Narendra Modi Stadium,Shreyas Iyer,Ricky Ponting,K.P.H. Dream Cricket Private Limited,"PCA New Stadium, Mullanpur"
Match 6,Rohan Pandit,Rohan Pandit,Rohan Pandit,Shakti Singh,Quinton De Kock,Kolkata Knight Riders,Field,Kolkata Knight Riders,8  Wickets,2025-03-26,19:30:00,Rajasthan Royals,Kolkata Knight Riders,"ACA Stadium, Guwahati",Completed,151,9,20.0,153,2,17.3,Kolkata Knight Riders,No,8.0,Wickets,Sanju Samson,Rahul Dravid,Royal Multisport Private Limited,Sawai Mansingh Stadium,Ajinkya Rahane,Chandrakant Pandit,Knight Riders Sports Private Limited,Eden Gardens
Match 7,Ulhas Gandhe,Ulhas Gandhe,Ulhas Gandhe,Narayanankutty V,Shardul Thakur,Lucknow Super Giants,Field,Lucknow Super Giants,5  Wickets,2025-03-27,19:30:00,Sunrisers Hyderabad,Lucknow Super Giants,"Rajiv Gandhi International Stadium, Hyderabad",Completed,190,9,20.0,193,5,16.1,Lucknow Super Giants,No,5.0,Wickets,Pat Cummins,Daniel Vettori,Sun TV Network Limited,Rajiv Gandhi Intl. Cricket Stadium,Rishabh Pant,Justin Langer,RPSG Sports Private Limited,BRSABV Ekana Cricket Stadium
Match 8,Nitin Menon,Nitin Menon,Nitin Menon,Javagal Srinath,Rajat Patidar,Chennai Super Kings,Field,Royal Challengers Bengaluru,50  Runs,2025-03-28,19:30:00,Chennai Super Kings,Royal Challengers Bengaluru,"MA Chidambaram Stadium, Chennai",Completed,146,8,20.0,196,7,20.0,Royal Challengers Bengaluru,No,50.0,Runs,MS Dhoni,Stephen Fleming,Chennai Super Kings Cricket Limited,M. A. Chidambaram Stadium,Rajat Patidar,Andy Flower,Royal Challengers Sports Private Ltd,M. Chinnaswamy Stadium
Match 9,Vinod Seshan,Vinod Seshan,Vinod Seshan,Prakash Bhatt,Prasidh Krishna,Mumbai Indians,Field,Gujarat Titans,36  Runs,2025-03-29,19:30:00,Gujarat Titans,Mumbai Indians,"Narendra Modi Stadium, Ahmedabad",Completed,196,8,20.0,160,6,20.0,Gujarat Titans,No,36.0,Runs,Shubman Gill,Ashish Nehra,Irelia Sports India Private Limited,Narendra Modi Stadium,Hardik Pandya,Mahela Jayawardene,Indiawin Sports Pvt. Ltd,Wankhede Stadium
Match 10,Ulhas Gandhe,Ulhas Gandhe,Ulhas Gandhe,Narayanankutty V,Mitchell Starc,Sunrisers Hyderabad,Bat,Delhi Capitals,7  Wickets,2025-03-30,15:30:00,Delhi Capitals,Sunrisers Hyderabad,"Dr YS Rajasekhara Reddy ACA-VDCA Cricket Stadium, Visakhapatnam",Completed,166,3,16.0,163,10,18.4,Delhi Capitals,No,7.0,Wickets,Axar Patel,Hemang Badani,JSW GMR Cricket Pvt Ltd,Arun Jaitley Stadium,Pat Cummins,Daniel Vettori,Sun TV Network Limited,Rajiv Gandhi Intl. Cricket Stadium
Match 11,Adrian Holdstock,Adrian Holdstock,Adrian Holdstock,Shakti Singh,Nitish Rana,Chennai Super Kings,Field,Rajasthan Royals,6  Runs,2025-03-30,19:30:00,Rajasthan Royals,Chennai Super Kings,"ACA Stadium, Guwahati",Completed,182,9,20.0,176,6,20.0,Rajasthan Royals,No,6.0,Runs,Sanju Samson,Rahul Dravid,Royal Multisport Private Limited,Sawai Mansingh Stadium,MS Dhoni,Stephen Fleming,Chennai Super Kings Cricket Limited,M. A. Chidambaram Stadium
Match 12,Sai Darshan Kumar,Sai Darshan Kumar,Sai Darshan Kumar,Javagal Srinath,Ashwani Kumar,Mumbai Indians,Field,Mumbai Indians,8  Wickets,2025-03-31,19:30:00,Mumbai Indians,Kolkata Knight Riders,"Wankhede Stadium, Mumbai",Completed,121,2,12.5,116,10,16.2,Mumbai Indians,No,8.0,Wickets,Hardik Pandya,Mahela Jayawardene,Indiawin Sports Pvt. Ltd,Wankhede Stadium,Ajinkya Rahane,Chandrakant Pandit,Knight Riders Sports Private Limited,Eden Gardens
Match 13,Vinod Seshan,Vinod Seshan,Vinod Seshan,Prakash Bhatt,Prabhsimran Singh,Punjab Kings,Field,Punjab Kings,8  Wickets,2025-04-01,19:30:00,Lucknow Super Giants,Punjab Kings,"Bharat Ratna Shri Atal Bihari Vajpayee Ekana Cricket Stadium, Lucknow",Completed,171,7,20.0,177,2,16.2,Punjab Kings,No,8.0,Wickets,Rishabh Pant,Justin Langer,RPSG Sports Private Limited,BRSABV Ekana Cricket Stadium,Shreyas Iyer,Ricky Ponting,K.P.H. Dream Cricket Private Limited,"PCA New Stadium, Mullanpur"
Match 14,Ulhas Gandhe,Ulhas Gandhe,Ulhas Gandhe,Narayanankutty V,Mohammed Siraj,Gujarat Titans,Field,Gujarat Titans,8  Wickets,2025-04-02,19:30:00,Royal Challengers Bengaluru,Gujarat Titans,"M Chinnaswamy Stadium, Bengaluru",Completed,169,8,20.0,170,2,17.5,Gujarat Titans,No,8.0,Wickets,Rajat Patidar,Andy Flower,Royal Challengers Sports Private Ltd,M. Chinnaswamy Stadium,Shubman Gill,Ashish Nehra,Irelia Sports India Private Limited,Narendra Modi Stadium
Match 15,Adrian Holdstock,Adrian Holdstock,Adrian Holdstock,Shakti Singh,Vaibhav Arora,Sunrisers Hyderabad,Field,Kolkata Knight Riders,80  Runs,2025-04-03,19:30:00,Kolkata Knight Riders,Sunrisers Hyderabad,"Eden Gardens, Kolkata",Completed,200,6,20.0,120,10,16.4,Kolkata Knight Riders,No,80.0,Runs,Ajinkya Rahane,Chandrakant Pandit,Knight Riders Sports Private Limited,Eden Gardens,Pat Cummins,Daniel Vettori,Sun TV Network Limited,Rajiv Gandhi Intl. Cricket Stadium
Match 16,Nitin Menon,Nitin Menon,Nitin Menon,Javagal Srinath,Digvesh Singh,Mumbai Indians,Field,Lucknow Super Giants,12  Runs,2025-04-04,19:30:00,Lucknow Super Giants,Mumbai Indians,"Bharat Ratna Shri Atal Bihari Vajpayee Ekana Cricket Stadium, Lucknow",Completed,203,8,20.0,191,5,20.0,Lucknow Super Giants,No,12.0,Runs,Rishabh Pant,Justin Langer,RPSG Sports Private Limited,BRSABV Ekana Cricket Stadium,Hardik Pandya,Mahela Jayawardene,Indiawin Sports Pvt. Ltd,Wankhede Stadium
Match 17,Abhijeet Bengeri,Abhijeet Bengeri,Abhijeet Bengeri,Prakash Bhatt,K L Rahul,Delhi Capitals,Bat,Delhi Capitals,25  Runs,2025-04-05,15:30:00,Chennai Super Kings,Delhi Capitals,"MA Chidambaram Stadium, Chennai",Completed,158,5,20.0,183,6,20.0,Delhi Capitals,No,25.0,Runs,MS Dhoni,Stephen Fleming,Chennai Super Kings Cricket Limited,M. A. Chidambaram Stadium,Axar Patel,Hemang Badani,JSW GMR Cricket Pvt Ltd,Arun Jaitley Stadium
Match 18,Ulhas Gandhe,Ulhas Gandhe,Ulhas Gandhe,Narayanankutty V,Jofra Archer,Punjab Kings,Field,W     Rajasthan Royals,50  Runs,2025-04-05,19:30:00,Punjab Kings,Rajasthan Royals,"New PCA Stadium, Chandigarh",Completed,155,9,20.0,205,4,20.0,Rajasthan Royals,No,50.0,Runs,Shreyas Iyer,Ricky Ponting,K.P.H. Dream Cricket Private Limited,"PCA New Stadium, Mullanpur",Sanju Samson,Rahul Dravid,Royal Multisport Private Limited,Sawai Mansingh Stadium
Match 19,Adrian Holdstock,Adrian Holdstock,Adrian Holdstock,Shakti Singh,Nicholas Pooran,Kolkata Knight Riders,Field,WD     Lucknow Super Giants,4  Runs,2025-04-06,19:30:00,Sunrisers Hyderabad,Gujarat Titans,"Rajiv Gandhi International Stadium, Hyderabad",Completed,152,8,20.0,153,3,16.4,Gujarat Titans,No,7.0,Wickets,Pat Cummins,Daniel Vettori,Sun TV Network Limited,Rajiv Gandhi Intl. Cricket Stadium,Shubman Gill,Ashish Nehra,Irelia Sports India Private Limited,Narendra Modi Stadium
Match 20,Kn Ananthapadmanabhan,Kn Ananthapadmanabhan,Kn Ananthapadmanabhan,Javagal Srinath,Mohammed Siraj,Gujarat Titans,Field,Gujarat Titans,7  Wickets,2025-04-07,19:30:00,Mumbai Indians,Royal Challengers Bengaluru,"Wankhede Stadium, Mumbai",Completed,209,9,20.0,221,5,20.0,Royal Challengers Bengaluru,No,12.0,Runs,Hardik Pandya,Mahela Jayawardene,Indiawin Sports Pvt. Ltd,Wankhede Stadium,Rajat Patidar,Andy Flower,Royal Challengers Sports Private Ltd,M. Chinnaswamy Stadium
Match 21,Vinod Seshan,Vinod Seshan,Vinod Seshan,Prakash Bhatt,Rajat Patidar,Mumbai Indians,Field,Royal Challengers Bengaluru,12  Runs,2025-04-08,15:30:00,Kolkata Knight Riders,Lucknow Super Giants,"Eden Gardens, Kolkata",Completed,234,7,20.0,238,3,20.0,Lucknow Super Giants,No,4.0,Runs,Ajinkya Rahane,Chandrakant Pandit,Knight Riders Sports Private Limited,Eden Gardens,Rishabh Pant,Justin Langer,RPSG Sports Private Limited,BRSABV Ekana Cricket Stadium
Match 22,Ulhas Gandhe,Ulhas Gandhe,Ulhas Gandhe,Narayanankutty V,Priyansh Arya,Punjab Kings,Bat,Punjab Kings,18  Runs,2025-04-08,19:30:00,Punjab Kings,Chennai Super Kings,"New PCA Stadium, Chandigarh",Completed,219,6,20.0,201,5,20.0,Punjab Kings,No,18.0,Runs,Shreyas Iyer,Ricky Ponting,K.P.H. Dream Cricket Private Limited,"PCA New Stadium, Mullanpur",MS Dhoni,Stephen Fleming,Chennai Super Kings Cricket Limited,M. A. Chidambaram Stadium
Match 23,Rohan Pandit,Rohan Pandit,Rohan Pandit,Shakti Singh,Sai Sudharsan,Rajasthan Royals,Field,WD     Gujarat Titans,58  Runs,2025-04-09,19:30:00,Gujarat Titans,Rajasthan Royals,"Narendra Modi Stadium, Ahmedabad",Completed,217,6,20.0,159,10,19.2,Gujarat Titans,No,58.0,Runs,Shubman Gill,Ashish Nehra,Irelia Sports India Private Limited,Narendra Modi Stadium,Sanju Samson,Rahul Dravid,Royal Multisport Private Limited,Sawai Mansingh Stadium
Match 24,Kn Ananthapadmanabhan,Kn Ananthapadmanabhan,Kn Ananthapadmanabhan,Javagal Srinath,K L Rahul,Delhi Capitals,Field,Delhi Capitals,6  Wickets,2025-04-10,19:30:00,Royal Challengers Bengaluru,Delhi Capitals,"M Chinnaswamy Stadium, Bengaluru",Completed,163,7,20.0,169,4,17.5,Delhi Capitals,No,6.0,Wickets,Rajat Patidar,Andy Flower,Royal Challengers Sports Private Ltd,M. Chinnaswamy Stadium,Axar Patel,Hemang Badani,JSW GMR Cricket Pvt Ltd,Arun Jaitley Stadium
Match 25,Chris Gaffaney,Chris Gaffaney,Chris Gaffaney,Prakash Bhatt,Sunil Narine,Kolkata Knight Riders,Field,Kolkata Knight Riders,8  Wickets,2025-04-11,19:30:00,Chennai Super Kings,Kolkata Knight Riders,"MA Chidambaram Stadium, Chennai",Completed,103,9,20.0,107,2,10.1,Kolkata Knight Riders,No,8.0,Wickets,MS Dhoni,Stephen Fleming,Chennai Super Kings Cricket Limited,M. A. Chidambaram Stadium,Ajinkya Rahane,Chandrakant Pandit,Knight Riders Sports Private Limited,Eden Gardens
Match 26,Ulhas Gandhe,Ulhas Gandhe,Ulhas Gandhe,Narayanankutty V,Aiden Markram,Lucknow Super Giants,Field,Lucknow Super Giants,6  Wickets,2025-04-12,15:30:00,Lucknow Super Giants,Gujarat Titans,"Bharat Ratna Shri Atal Bihari Vajpayee Ekana Cricket Stadium, Lucknow",Completed,186,4,19.3,180,6,20.0,Lucknow Super Giants,No,6.0,Wickets,Rishabh Pant,Justin Langer,RPSG Sports Private Limited,BRSABV Ekana Cricket Stadium,Shubman Gill,Ashish Nehra,Irelia Sports India Private Limited,Narendra Modi Stadium
Match 27,Akshay Totre,Akshay Totre,Akshay Totre,Shakti Singh,Abhishek Sharma,Punjab Kings,Bat,Sunrisers Hyderabad,8  Wickets,2025-04-12,19:30:00,Sunrisers Hyderabad,Punjab Kings,"Rajiv Gandhi International Stadium, Hyderabad",Completed,247,2,18.3,245,6,20.0,Sunrisers Hyderabad,No,8.0,Wickets,Pat Cummins,Daniel Vettori,Sun TV Network Limited,Rajiv Gandhi Intl. Cricket Stadium,Shreyas Iyer,Ricky Ponting,K.P.H. Dream Cricket Private Limited,"PCA New Stadium, Mullanpur"
Match 28,Nitin Menon,Nitin Menon,Nitin Menon,Javagal Srinath,Phil Salt,Royal Challengers Bengaluru,Field,Royal Challengers Bengaluru,9  Wickets,2025-04-13,15:30:00,Rajasthan Royals,Royal Challengers Bengaluru,"Sawai Mansingh Stadium, Jaipur",Completed,173,4,20.0,175,1,17.3,Royal Challengers Bengaluru,No,9.0,Wickets,Sanju Samson,Rahul Dravid,Royal Multisport Private Limited,Sawai Mansingh Stadium,Rajat Patidar,Andy Flower,Royal Challengers Sports Private Ltd,M. Chinnaswamy Stadium
Match 29,Chris Gaffaney,Chris Gaffaney,Chris Gaffaney,Prakash Bhatt,Karn Sharma,Delhi Capitals,Field,W     Mumbai Indians,12  Runs,2025-04-13,19:30:00,Delhi Capitals,Mumbai Indians,"Arun Jaitley Stadium, Delhi",Completed,193,10,19.0,205,5,20.0,Mumbai Indians,No,12.0,Runs,Axar Patel,Hemang Badani,JSW GMR Cricket Pvt Ltd,Arun Jaitley Stadium,Hardik Pandya,Mahela Jayawardene,Indiawin Sports Pvt. Ltd,Wankhede Stadium
Match 30,Virender Kumar Sharma,Virender Kumar Sharma,Virender Kumar Sharma,Narayanankutty V,Dhoni,Chennai Super Kings,Field,Chennai Super Kings,5  Wickets,2025-04-14,19:30:00,Lucknow Super Giants,Chennai Super Kings,"Bharat Ratna Shri Atal Bihari Vajpayee Ekana Cricket Stadium, Lucknow",Completed,166,7,20.0,168,5,19.3,Chennai Super Kings,No,5.0,Wickets,Rishabh Pant,Justin Langer,RPSG Sports Private Limited,BRSABV Ekana Cricket Stadium,MS Dhoni,Stephen Fleming,Chennai Super Kings Cricket Limited,M. A. Chidambaram Stadium
Match 31,Sai Darshan Kumar,Sai Darshan Kumar,Sai Darshan Kumar,Javagal Srinath,Yuzvendra Chahal,Punjab Kings,Bat,Punjab Kings,16  Runs,2025-04-15,19:30:00,Punjab Kings,Kolkata Knight Riders,"New PCA Stadium, Chandigarh",Completed,111,10,15.3,95,10,15.1,Punjab Kings,No,16.0,Runs,Shreyas Iyer,Ricky Ponting,K.P.H. Dream Cricket Private Limited,"PCA New Stadium, Mullanpur",Ajinkya Rahane,Chandrakant Pandit,Knight Riders Sports Private Limited,Eden Gardens
Match 32,Akshay Totre,Akshay Totre,Akshay Totre,Shakti Singh,Mitchell Starc,Rajasthan Royals,Field,Overs  RR                    Delhi Capitals,Super Over,2025-04-16,19:30:00,Delhi Capitals,Rajasthan Royals,"Arun Jaitley Stadium, Delhi",Completed,188,5,20.0,188,4,20.0,Delhi Capitals,Yes,,,Axar Patel,Hemang Badani,JSW GMR Cricket Pvt Ltd,Arun Jaitley Stadium,Sanju Samson,Rahul Dravid,Royal Multisport Private Limited,Sawai Mansingh Stadium
Match 33,Madanagopal Jayaraman,Madanagopal Jayaraman,Madanagopal Jayaraman,Prakash Bhatt,Will Jacks,Mumbai Indians,Field,Mumbai Indians,4  Wickets,2025-04-17,19:30:00,Mumbai Indians,Sunrisers Hyderabad,"Wankhede Stadium, Mumbai",Completed,166,6,18.1,162,5,20.0,Mumbai Indians,No,4.0,Wickets,Hardik Pandya,Mahela Jayawardene,Indiawin Sports Pvt. Ltd,Wankhede Stadium,Pat Cummins,Daniel Vettori,Sun TV Network Limited,Rajiv Gandhi Intl. Cricket Stadium
Match 34,Virender Kumar Sharma,Virender Kumar Sharma,Virender Kumar Sharma,Narayanankutty V,Tim David,Punjab Kings,Field,Punjab Kings,5  Wickets,2025-04-18,19:30:00,Royal Challengers Bengaluru,Punjab Kings,"M Chinnaswamy Stadium, Bengaluru",Completed,95,9,14.0,98,5,12.1,Punjab Kings,No,5.0,Wickets,Rajat Patidar,Andy Flower,Royal Challengers Sports Private Ltd,M. Chinnaswamy Stadium,Shreyas Iyer,Ricky Ponting,K.P.H. Dream Cricket Private Limited,"PCA New Stadium, Mullanpur"
Match 35,Akshay Totre,Akshay Totre,Akshay Totre,Rajiv Seth,Jos Buttler,Gujarat Titans,Field,Gujarat Titans,7  Wickets,2025-04-19,15:30:00,Gujarat Titans,Delhi Capitals,"Narendra Modi Stadium, Ahmedabad",Completed,204,3,19.2,203,8,20.0,Gujarat Titans,No,7.0,Wickets,Shubman Gill,Ashish Nehra,Irelia Sports India Private Limited,Narendra Modi Stadium,Axar Patel,Hemang Badani,JSW GMR Cricket Pvt Ltd,Arun Jaitley Stadium
Match 36,Madanagopal Jayaraman,Madanagopal Jayaraman,Madanagopal Jayaraman,Prakash Bhatt,Avesh Khan,Lucknow Super Giants,Bat,Lucknow Super Giants,2  Runs,2025-04-19,19:30:00,Rajasthan Royals,Lucknow Super Giants,"Sawai Mansingh Stadium, Jaipur",Completed,178,5,20.0,180,5,20.0,Lucknow Super Giants,No,2.0,Runs,Sanju Samson,Rahul Dravid,Royal Multisport Private Limited,Sawai Mansingh Stadium,Rishabh Pant,Justin Langer,RPSG Sports Private Limited,BRSABV Ekana Cricket Stadium
Match 37,Sai Darshan Kumar,Sai Darshan Kumar,Sai Darshan Kumar,Javagal Srinath,Virat Kohli,Royal Challengers Bengaluru,Field,Royal Challengers Bengaluru,7  Wickets,2025-04-20,15:30:00,Punjab Kings,Royal Challengers Bengaluru,"New PCA Stadium, Chandigarh",Completed,157,6,20.0,159,3,18.5,Royal Challengers Bengaluru,No,7.0,Wickets,Shreyas Iyer,Ricky Ponting,K.P.H. Dream Cricket Private Limited,"PCA New Stadium, Mullanpur",Rajat Patidar,Andy Flower,Royal Challengers Sports Private Ltd,M. Chinnaswamy Stadium
Match 38,Virender Kumar Sharma,Virender Kumar Sharma,Virender Kumar Sharma,Narayanankutty V,Rohit Sharma,Mumbai Indians,Field,Mumbai Indians,9  Wickets,2025-04-20,19:30:00,Mumbai Indians,Chennai Super Kings,"Wankhede Stadium, Mumbai",Completed,177,1,15.4,176,5,20.0,Mumbai Indians,No,9.0,Wickets,Hardik Pandya,Mahela Jayawardene,Indiawin Sports Pvt. Ltd,Wankhede Stadium,MS Dhoni,Stephen Fleming,Chennai Super Kings Cricket Limited,M. A. Chidambaram Stadium
Match 39,Rohan Pandit,Rohan Pandit,Rohan Pandit,Rajiv Seth,Shubman Gill,Kolkata Knight Riders,Field,Gujarat Titans,39  Runs,2025-04-21,19:30:00,Kolkata Knight Riders,Gujarat Titans,"Eden Gardens, Kolkata",Completed,159,8,20.0,198,3,20.0,Gujarat Titans,No,39.0,Runs,Ajinkya Rahane,Chandrakant Pandit,Knight Riders Sports Private Limited,Eden Gardens,Shubman Gill,Ashish Nehra,Irelia Sports India Private Limited,Narendra Modi Stadium
Match 40,Sai Darshan Kumar,Sai Darshan Kumar,Sai Darshan Kumar,Javagal Srinath,Mukesh Kumar,Delhi Capitals,Field,Delhi Capitals,8  Wickets,2025-04-22,19:30:00,Lucknow Super Giants,Delhi Capitals,"Bharat Ratna Shri Atal Bihari Vajpayee Ekana Cricket Stadium, Lucknow",Completed,159,6,20.0,161,2,17.5,Delhi Capitals,No,8.0,Wickets,Rishabh Pant,Justin Langer,RPSG Sports Private Limited,BRSABV Ekana Cricket Stadium,Axar Patel,Hemang Badani,JSW GMR Cricket Pvt Ltd,Arun Jaitley Stadium
Match 41,Madanagopal Jayaraman,Madanagopal Jayaraman,Madanagopal Jayaraman,Iqbal Rashid Siddiqui,Trent Boult,Mumbai Indians,Field,Mumbai Indians,7  Wickets,2025-04-23,19:30:00,Sunrisers Hyderabad,Mumbai Indians,"Rajiv Gandhi International Stadium, Hyderabad",Completed,143,8,20.0,146,3,15.4,Mumbai Indians,No,7.0,Wickets,Pat Cummins,Daniel Vettori,Sun TV Network Limited,Rajiv Gandhi Intl. Cricket Stadium,Hardik Pandya,Mahela Jayawardene,Indiawin Sports Pvt. Ltd,Wankhede Stadium
Match 42,Michael Gough,Michael Gough,Michael Gough,Rajiv Seth,Josh Hazlewood,Rajasthan Royals,Field,Royal Challengers Bengaluru,11  Runs,2025-04-24,19:30:00,Royal Challengers Bengaluru,Rajasthan Royals,"M Chinnaswamy Stadium, Bengaluru",Completed,205,5,20.0,194,9,20.0,Royal Challengers Bengaluru,No,11.0,Runs,Rajat Patidar,Andy Flower,Royal Challengers Sports Private Ltd,M. Chinnaswamy Stadium,Sanju Samson,Rahul Dravid,Royal Multisport Private Limited,Sawai Mansingh Stadium
Match 43,Nitin Menon,Nitin Menon,Nitin Menon,Javagal Srinath,Harshal Patel,Sunrisers Hyderabad,Field,Sunrisers Hyderabad,5  Wickets,2025-04-25,19:30:00,Chennai Super Kings,Sunrisers Hyderabad,"MA Chidambaram Stadium, Chennai",Completed,154,10,19.5,155,5,18.4,Sunrisers Hyderabad,No,5.0,Wickets,MS Dhoni,Stephen Fleming,Chennai Super Kings Cricket Limited,M. A. Chidambaram Stadium,Pat Cummins,Daniel Vettori,Sun TV Network Limited,Rajiv Gandhi Intl. Cricket Stadium
Match 44,Adrian Holdstock,Adrian Holdstock,Adrian Holdstock,Rajiv Seth,,Punjab Kings,Bat,,,2025-04-26,19:30:00,Kolkata Knight Riders,Punjab Kings,"Eden Gardens, Kolkata",,7,0,1.0,201,4,20.0,,No,,,Ajinkya Rahane,Chandrakant Pandit,Knight Riders Sports Private Limited,Eden Gardens,Shreyas Iyer,Ricky Ponting,K.P.H. Dream Cricket Private Limited,"PCA New Stadium, Mullanpur"
Match 45,Chris Gaffaney,Chris Gaffaney,Chris Gaffaney,Daniel Manohar,Will Jacks,Lucknow Super Giants,Field,Mumbai Indians,54  Runs,2025-04-27,15:30:00,Mumbai Indians,Lucknow Super Giants,"Wankhede Stadium, Mumbai",Completed,215,7,20.0,161,10,20.0,Mumbai Indians,No,54.0,Runs,Hardik Pandya,Mahela Jayawardene,Indiawin Sports Pvt. Ltd,Wankhede Stadium,Rishabh Pant,Justin Langer,RPSG Sports Private Limited,BRSABV Ekana Cricket Stadium
Match 46,Nitin Menon,Nitin Menon,Nitin Menon,Iqbal Rashid Siddiqui,Krunal Pandya,Royal Challengers Bengaluru,Field,Royal Challengers Bengaluru,6  Wickets,2025-04-27,19:30:00,Delhi Capitals,Royal Challengers Bengaluru,"Arun Jaitley Stadium, Delhi",Completed,162,8,20.0,165,4,18.3,Royal Challengers Bengaluru,No,6.0,Wickets,Axar Patel,Hemang Badani,JSW GMR Cricket Pvt Ltd,Arun Jaitley Stadium,Rajat Patidar,Andy Flower,Royal Challengers Sports Private Ltd,M. Chinnaswamy Stadium
Match 47,Michael Gough,Michael Gough,Michael Gough,Rajiv Seth,Vaibhav Suryavanshi,Rajasthan Royals,Field,Rajasthan Royals,8   Wickets,2025-04-28,19:30:00,Rajasthan Royals,Gujarat Titans,"Sawai Mansingh Stadium, Jaipur",Completed,212,2,15.5,209,4,20.0,Rajasthan Royals,No,8.0,Wickets,Sanju Samson,Rahul Dravid,Royal Multisport Private Limited,Sawai Mansingh Stadium,Shubman Gill,Ashish Nehra,Irelia Sports India Private Limited,Narendra Modi Stadium
Match 48,Sai Darshan Kumar,Sai Darshan Kumar,Sai Darshan Kumar,Iqbal Rashid Siddiqui,Sunil Narine,Delhi Capitals,Field,Kolkata Knight Riders,14  Runs,2025-04-29,19:30:00,Delhi Capitals,Kolkata Knight Riders,"Arun Jaitley Stadium, Delhi",Completed,190,9,20.0,204,9,20.0,Kolkata Knight Riders,No,14.0,Runs,Axar Patel,Hemang Badani,JSW GMR Cricket Pvt Ltd,Arun Jaitley Stadium,Ajinkya Rahane,Chandrakant Pandit,Knight Riders Sports Private Limited,Eden Gardens
Match 49,Akshay Totre,Akshay Totre,Akshay Totre,Amit Sharma,Shreyas Iyer,Punjab Kings,Field,Punjab Kings,4  Wickets,2025-04-30,19:30:00,Chennai Super Kings,Punjab Kings,"MA Chidambaram Stadium, Chennai",Completed,190,10,19.2,194,6,19.4,Punjab Kings,No,4.0,Wickets,MS Dhoni,Stephen Fleming,Chennai Super Kings Cricket Limited,M. A. Chidambaram Stadium,Shreyas Iyer,Ricky Ponting,K.P.H. Dream Cricket Private Limited,"PCA New Stadium, Mullanpur"
Match 50,Vinod Seshan,Vinod Seshan,Vinod Seshan,Daniel Manohar,Ryan Rickelton,Rajasthan Royals,Field,Mumbai Indians,100  Runs,2025-05-01,19:30:00,Rajasthan Royals,Mumbai Indians,"Sawai Mansingh Stadium, Jaipur",Completed,117,10,16.1,217,2,20.0,Mumbai Indians,No,100.0,Runs,Sanju Samson,Rahul Dravid,Royal Multisport Private Limited,Sawai Mansingh Stadium,Hardik Pandya,Mahela Jayawardene,Indiawin Sports Pvt. Ltd,Wankhede Stadium
Match 51,Virender Kumar Sharma,Virender Kumar Sharma,Virender Kumar Sharma,Pankaj Dharmani,Prasidh Krishna,Sunrisers Hyderabad,Field,Gujarat Titans,38  Runs,2025-05-02,19:30:00,Gujarat Titans,Sunrisers Hyderabad,"Narendra Modi Stadium, Ahmedabad",Completed,224,6,20.0,186,6,20.0,Gujarat Titans,No,38.0,Runs,Shubman Gill,Ashish Nehra,Irelia Sports India Private Limited,Narendra Modi Stadium,Pat Cummins,Daniel Vettori,Sun TV Network Limited,Rajiv Gandhi Intl. Cricket Stadium
Match 52,Nitin Menon,Nitin Menon,Nitin Menon,Iqbal Rashid Siddiqui,Romario Shepherd,Chennai Super Kings,Field,Royal Challengers Bengaluru,2  Runs,2025-05-03,19:30:00,Royal Challengers Bengaluru,Chennai Super Kings,"M Chinnaswamy Stadium, Bengaluru",Completed,213,5,20.0,211,5,20.0,Royal Challengers Bengaluru,No,2.0,Runs,Rajat Patidar,Andy Flower,Royal Challengers Sports Private Ltd,M. Chinnaswamy Stadium,MS Dhoni,Stephen Fleming,Chennai Super Kings Cricket Limited,M. A. Chidambaram Stadium
Match 53,Rohan Pandit,Rohan Pandit,Rohan Pandit,Amit Sharma,Andre Russell,Kolkata Knight Riders,Bat,Kolkata Knight Riders,,2025-05-04,15:30:00,Kolkata Knight Riders,Rajasthan Royals,"Eden Gardens, Kolkata",,206,4,20.0,205,8,20.0,,No,,,Ajinkya Rahane,Chandrakant Pandit,Knight Riders Sports Private Limited,Eden Gardens,Sanju Samson,Rahul Dravid,Royal Multisport Private Limited,Sawai Mansingh Stadium
Match 54,Madanagopal Jayaraman,Madanagopal Jayaraman,Madanagopal Jayaraman,Daniel Manohar,Prabhsimran Singh,Lucknow Super Giants,Field,Punjab Kings,37  Runs,2025-05-04,19:30:00,Punjab Kings,Lucknow Super Giants,"Himachal Pradesh Cricket Association Stadium, Dharamshala",Completed,236,5,20.0,199,7,20.0,Punjab Kings,No,37.0,Runs,Shreyas Iyer,Ricky Ponting,K.P.H. Dream Cricket Private Limited,"PCA New Stadium, Mullanpur",Rishabh Pant,Justin Langer,RPSG Sports Private Limited,BRSABV Ekana Cricket Stadium
Match 55,Virender Kumar Sharma,Virender Kumar Sharma,Virender Kumar Sharma,Pankaj Dharmani,,Sunrisers Hyderabad,Field,Tristan Stubbs plays an aggressive pull shot on the back foot and is,,2025-05-05,19:30:00,Sunrisers Hyderabad,Delhi Capitals,"Rajiv Gandhi International Stadium, Hyderabad",,133,7,0.0,0,0,0.0,,No,,,Pat Cummins,Daniel Vettori,Sun TV Network Limited,Rajiv Gandhi Intl. Cricket Stadium,Axar Patel,Hemang Badani,JSW GMR Cricket Pvt Ltd,Arun Jaitley Stadium
Match 56,Sai Darshan Kumar,Sai Darshan Kumar,Sai Darshan Kumar,Arjan Kripal Singh,Shubman Gill,Gujarat Titans,Field,Gujarat Titans,3  Wickets,2025-05-06,19:30:00,Mumbai Indians,Gujarat Titans,"Wankhede Stadium, Mumbai",Completed,155,8,20.0,147,7,19.0,Gujarat Titans,No,3.0,Wickets,Hardik Pandya,Mahela Jayawardene,Indiawin Sports Pvt. Ltd,Wankhede Stadium,Shubman Gill,Ashish Nehra,Irelia Sports India Private Limited,Narendra Modi Stadium
Match 57,Adrian Holdstock,Adrian Holdstock,Adrian Holdstock,Amit Sharma,Noor Ahmad,Kolkata Knight Riders,Bat,Chennai Super Kings,2  Wickets,2025-05-07,19:30:00,Kolkata Knight Riders,Chennai Super Kings,"Eden Gardens, Kolkata",Completed,179,6,20.0,183,8,19.4,Chennai Super Kings,No,2.0,Wickets,Ajinkya Rahane,Chandrakant Pandit,Knight Riders Sports Private Limited,Eden Gardens,MS Dhoni,Stephen Fleming,Chennai Super Kings Cricket Limited,M. A. Chidambaram Stadium
Match 58,Chris Gaffaney,Chris Gaffaney,Chris Gaffaney,Daniel Manohar,,Punjab Kings,Bat,Priyansh Arya steps down and plays an aggressive lofted straight drive and is,,2025-05-08,19:30:00,Punjab Kings,Delhi Capitals,"Himachal Pradesh Cricket Association Stadium, Dharamshala",,122,1,10.1,0,0,0.0,,No,,,Shreyas Iyer,Ricky Ponting,K.P.H. Dream Cricket Private Limited,"PCA New Stadium, Mullanpur",Axar Patel,Hemang Badani,JSW GMR Cricket Pvt Ltd,Arun Jaitley Stadium
Match 59,Kn Ananthapadmanabhan,Kn Ananthapadmanabhan,Kn Ananthapadmanabhan,,,,,,,2025-05-09,7:30 pm IST,Lucknow Super Giants,Royal Challengers Bengaluru,"Bharat Ratna Shri Atal Bihari Vajpayee Ekana Cricket Stadium, Lucknow",Scheduled,0,0,0.0,0,0,0.0,,False,,,Rishabh Pant,Justin Langer,RPSG Sports Private Limited,BRSABV Ekana Cricket Stadium,Rajat Patidar,Andy Flower,Royal Challengers Sports Private Ltd,M. Chinnaswamy Stadium
Match 60,Michael Gough,Michael Gough,Michael Gough,,,,,,,2025-05-10,7:30 pm IST,Sunrisers Hyderabad,Kolkata Knight Riders,"Rajiv Gandhi International Stadium, Hyderabad",Scheduled,0,0,0.0,0,0,0.0,,False,,,Pat Cummins,Daniel Vettori,Sun TV Network Limited,Rajiv Gandhi Intl. Cricket Stadium,Ajinkya Rahane,Chandrakant Pandit,Knight Riders Sports Private Limited,Eden Gardens
Match 61,Chris Gaffaney,Chris Gaffaney,Chris Gaffaney,,,,,,,2025-05-11,3:30 pm IST,Punjab Kings,Mumbai Indians,"Narendra Modi Stadium, Ahmedabad",Scheduled,0,0,0.0,0,0,0.0,,False,,,Shreyas Iyer,Ricky Ponting,K.P.H. Dream Cricket Private Limited,"PCA New Stadium, Mullanpur",Hardik Pandya,Mahela Jayawardene,Indiawin Sports Pvt. Ltd,Wankhede Stadium
Match 62,Rohan Pandit,Rohan Pandit,Rohan Pandit,,,,,,,2025-05-11,7:30 pm IST,Delhi Capitals,Gujarat Titans,"Arun Jaitley Stadium, Delhi",Scheduled,0,0,0.0,0,0,0.0,,False,,,Axar Patel,Hemang Badani,JSW GMR Cricket Pvt Ltd,Arun Jaitley Stadium,Shubman Gill,Ashish Nehra,Irelia Sports India Private Limited,Narendra Modi Stadium
Match 63,Kn Ananthapadmanabhan,Kn Ananthapadmanabhan,Kn Ananthapadmanabhan,,,,,,,2025-05-12,7:30 pm IST,Chennai Super Kings,Rajasthan Royals,"MA Chidambaram Stadium, Chennai",Scheduled,0,0,0.0,0,0,0.0,,False,,,MS Dhoni,Stephen Fleming,Chennai Super Kings Cricket Limited,M. A. Chidambaram Stadium,Sanju Samson,Rahul Dravid,Royal Multisport Private Limited,Sawai Mansingh Stadium
Match 64,Michael Gough,Michael Gough,Michael Gough,,,,,,,2025-05-13,7:30 pm IST,Royal Challengers Bengaluru,Sunrisers Hyderabad,"M Chinnaswamy Stadium, Bengaluru",Scheduled,0,0,0.0,0,0,0.0,,False,,,Rajat Patidar,Andy Flower,Royal Challengers Sports Private Ltd,M. Chinnaswamy Stadium,Pat Cummins,Daniel Vettori,Sun TV Network Limited,Rajiv Gandhi Intl. Cricket Stadium
Match 65,Rohan Pandit,Rohan Pandit,Rohan Pandit,,,,,,,2025-05-14,7:30 pm IST,Gujarat Titans,Lucknow Super Giants,"Narendra Modi Stadium, Ahmedabad",Scheduled,0,0,0.0,0,0,0.0,,False,,,Shubman Gill,Ashish Nehra,Irelia Sports India Private Limited,Narendra Modi Stadium,Rishabh Pant,Justin Langer,RPSG Sports Private Limited,BRSABV Ekana Cricket Stadium
Match 66,Madanagopal Jayaraman,Madanagopal Jayaraman,Madanagopal Jayaraman,,,,,,,2025-05-15,7:30 pm IST,Mumbai Indians,Delhi Capitals,"Wankhede Stadium, Mumbai",Scheduled,0,0,0.0,0,0,0.0,,False,,,Hardik Pandya,Mahela Jayawardene,Indiawin Sports Pvt. Ltd,Wankhede Stadium,Axar Patel,Hemang Badani,JSW GMR Cricket Pvt Ltd,Arun Jaitley Stadium
Match 67,Michael Gough,Michael Gough,Michael Gough,,,,,,,2025-05-16,7:30 pm IST,Rajasthan Royals,Punjab Kings,"Sawai Mansingh Stadium, Jaipur",Scheduled,0,0,0.0,0,0,0.0,,False,,,Sanju Samson,Rahul Dravid,Royal Multisport Private Limited,Sawai Mansingh Stadium,Shreyas Iyer,Ricky Ponting,K.P.H. Dream Cricket Private Limited,"PCA New Stadium, Mullanpur"
Match 68,Nitin Menon,Nitin Menon,Nitin Menon,,,,,,,2025-05-17,7:30 pm IST,Royal Challengers Bengaluru,Kolkata Knight Riders,"M Chinnaswamy Stadium, Bengaluru",Scheduled,0,0,0.0,0,0,0.0,,False,,,Rajat Patidar,Andy Flower,Royal Challengers Sports Private Ltd,M. Chinnaswamy Stadium,Ajinkya Rahane,Chandrakant Pandit,Knight Riders Sports Private Limited,Eden Gardens
Match 69,Adrian Holdstock,Adrian Holdstock,Adrian Holdstock,,,,,,,2025-05-18,3:30 pm IST,Gujarat Titans,Chennai Super Kings,"Narendra Modi Stadium, Ahmedabad",Scheduled,0,0,0.0,0,0,0.0,,False,,,Shubman Gill,Ashish Nehra,Irelia Sports India Private Limited,Narendra Modi Stadium,MS Dhoni,Stephen Fleming,Chennai Super Kings Cricket Limited,M. A. Chidambaram Stadium
Match 70,Madanagopal Jayaraman,Madanagopal Jayaraman,Madanagopal Jayaraman,,,,,,,2025-05-18,7:30 pm IST,Lucknow Super Giants,Sunrisers Hyderabad,"Bharat Ratna Shri Atal Bihari Vajpayee Ekana Cricket Stadium, Lucknow",Scheduled,0,0,0.0,0,0,0.0,,False,,,Rishabh Pant,Justin Langer,RPSG Sports Private Limited,BRSABV Ekana Cricket Stadium,Pat Cummins,Daniel Vettori,Sun TV Network Limited,Rajiv Gandhi Intl. Cricket Stadium
Match 71,Venue Rajiv Gandhi International Stadium Hyderabad,,,,,,,,,2025-05-20,7:30 pm IST,TBD,TBD,"Rajiv Gandhi International Stadium, Hyderabad",Scheduled,0,0,0.0,0,0,0.0,,False,,,,,,,,,,
Match 72,Venue Rajiv Gandhi International Stadium Hyderabad,,,,,,,,,2025-05-21,7:30 pm IST,TBD,TBD,"Rajiv Gandhi International Stadium, Hyderabad",Scheduled,0,0,0.0,0,0,0.0,,False,,,,,,,,,,
Match 73,Venue Eden Gardens Kolkata,,,,,,,,,2025-05-23,7:30 pm IST,TBD,TBD,"Eden Gardens, Kolkata",Scheduled,0,0,0.0,0,0,0.0,,False,,,,,,,,,,
Match 74,Venue Eden Gardens Kolkata,,,,,,,,,2025-05-25,7:30 pm IST,TBD,TBD,"Eden Gardens, Kolkata",Scheduled,0,0,0.0,0,0,0.0,,False,,,,,,,,,,
