batting_team,bowling_team,venue,runs_left,balls_left,wickets,total_runs_x,crr,rrr,result
Kolkata Knight Riders,Royal Challengers Bengaluru,M. Chinnaswamy Stadium,134,90,8,177,8.6,8.933333333333334,0
Kolkata Knight Riders,Royal Challengers Bengaluru,M. Chinnaswamy Stadium,90,60,6,177,8.7,9.0,0
Kolkata Knight Riders,Royal Challengers Bengaluru,M. Chinnaswamy Stadium,47,30,4,177,8.666666666666666,9.4,0
Royal Challengers Bengaluru,Kolkata Knight Riders,M. Chinnaswamy Stadium,130,96,10,174,11.0,8.125,1
Royal Challengers Bengaluru,Kolkata Knight Riders,M. Chinnaswamy Stadium,86,71,9,174,10.775510204081632,7.267605633802817,1
Royal Challengers Bengaluru,Kolkata Knight Riders,M. Chinnaswamy Stadium,42,47,8,174,10.849315068493151,5.361702127659575,1
Royal Challengers Bengaluru,Kolkata Knight Riders,M. Chinnaswamy Stadium,-3,22,7,174,10.83673469387755,0.0,1
Sunrisers Hyderabad,Rajasthan Royals,Sawai Mansingh Stadium,171,90,9,242,14.2,11.4,1
Sunrisers Hyderabad,Rajasthan Royals,Sawai Mansingh Stadium,99,60,7,242,14.3,9.9,1
Sunrisers Hyderabad,Rajasthan Royals,Sawai Mansingh Stadium,28,30,6,242,14.266666666666667,5.6,1
Rajasthan Royals,Sunrisers Hyderabad,Sawai Mansingh Stadium,226,90,9,286,12.0,15.066666666666666,0
Rajasthan Royals,Sunrisers Hyderabad,Sawai Mansingh Stadium,165,60,7,286,12.1,16.5,0
Rajasthan Royals,Sunrisers Hyderabad,Sawai Mansingh Stadium,105,30,6,286,12.066666666666666,21.0,0
Chennai Super Kings,Mumbai Indians,Wankhede Stadium,116,92,9,155,8.357142857142858,7.565217391304348,1
Chennai Super Kings,Mumbai Indians,Wankhede Stadium,76,63,7,155,8.31578947368421,7.238095238095238,1
Chennai Super Kings,Mumbai Indians,Wankhede Stadium,37,34,6,155,8.232558139534884,6.529411764705882,1
Mumbai Indians,Chennai Super Kings,Wankhede Stadium,120,90,8,158,7.6,8.0,0
Mumbai Indians,Chennai Super Kings,Wankhede Stadium,81,60,6,158,7.7,8.1,0
Mumbai Indians,Chennai Super Kings,Wankhede Stadium,42,30,4,158,7.733333333333333,8.4,0
Delhi Capitals,Lucknow Super Giants,BRSABV Ekana Cricket Stadium,157,91,8,209,10.758620689655173,10.351648351648352,1
Delhi Capitals,Lucknow Super Giants,BRSABV Ekana Cricket Stadium,104,62,6,209,10.862068965517242,10.064516129032258,1
Delhi Capitals,Lucknow Super Giants,BRSABV Ekana Cricket Stadium,51,33,4,209,10.89655172413793,9.272727272727273,1
Lucknow Super Giants,Delhi Capitals,BRSABV Ekana Cricket Stadium,159,90,8,211,10.4,10.6,0
Lucknow Super Giants,Delhi Capitals,BRSABV Ekana Cricket Stadium,107,60,6,211,10.4,10.7,0
Lucknow Super Giants,Delhi Capitals,BRSABV Ekana Cricket Stadium,55,30,4,211,10.4,11.0,0
Gujarat Titans,Punjab Kings,"PCA New Stadium, Mullanpur",185,90,9,243,11.6,12.333333333333334,0
Gujarat Titans,Punjab Kings,"PCA New Stadium, Mullanpur",127,60,8,243,11.6,12.7,0
Gujarat Titans,Punjab Kings,"PCA New Stadium, Mullanpur",69,30,7,243,11.6,13.8,0
Punjab Kings,Gujarat Titans,"PCA New Stadium, Mullanpur",172,90,9,232,12.0,11.466666666666667,1
Punjab Kings,Gujarat Titans,"PCA New Stadium, Mullanpur",111,60,8,232,12.1,11.1,1
Punjab Kings,Gujarat Titans,"PCA New Stadium, Mullanpur",50,30,7,232,12.133333333333333,10.0,1
Rajasthan Royals,Kolkata Knight Riders,Eden Gardens,116,90,8,153,7.4,7.733333333333333,0
Rajasthan Royals,Kolkata Knight Riders,Eden Gardens,78,60,6,153,7.5,7.8,0
Rajasthan Royals,Kolkata Knight Riders,Eden Gardens,40,30,4,153,7.533333333333333,8.0,0
Kolkata Knight Riders,Rajasthan Royals,Eden Gardens,113,94,10,151,8.76923076923077,7.212765957446808,1
Kolkata Knight Riders,Rajasthan Royals,Eden Gardens,75,68,9,151,8.76923076923077,6.617647058823529,1
Kolkata Knight Riders,Rajasthan Royals,Eden Gardens,37,42,9,151,8.76923076923077,5.285714285714286,1
Kolkata Knight Riders,Rajasthan Royals,Eden Gardens,-2,15,8,151,8.742857142857142,0.0,1
Sunrisers Hyderabad,Lucknow Super Giants,BRSABV Ekana Cricket Stadium,146,90,8,193,9.4,9.733333333333333,0
Sunrisers Hyderabad,Lucknow Super Giants,BRSABV Ekana Cricket Stadium,98,60,6,193,9.5,9.8,0
Sunrisers Hyderabad,Lucknow Super Giants,BRSABV Ekana Cricket Stadium,51,30,4,193,9.466666666666667,10.2,0
Lucknow Super Giants,Sunrisers Hyderabad,BRSABV Ekana Cricket Stadium,142,96,9,190,12.0,8.875,1
Lucknow Super Giants,Sunrisers Hyderabad,BRSABV Ekana Cricket Stadium,94,72,8,190,12.0,7.833333333333333,1
Lucknow Super Giants,Sunrisers Hyderabad,BRSABV Ekana Cricket Stadium,46,48,7,190,12.0,5.75,1
Lucknow Super Giants,Sunrisers Hyderabad,BRSABV Ekana Cricket Stadium,-3,23,5,190,11.938144329896907,0.0,1
Chennai Super Kings,Royal Challengers Bengaluru,M. Chinnaswamy Stadium,160,90,8,196,7.2,10.666666666666666,0
Chennai Super Kings,Royal Challengers Bengaluru,M. Chinnaswamy Stadium,123,60,6,196,7.3,12.3,0
Chennai Super Kings,Royal Challengers Bengaluru,M. Chinnaswamy Stadium,87,30,4,196,7.266666666666667,17.4,0
Royal Challengers Bengaluru,Chennai Super Kings,M. Chinnaswamy Stadium,97,90,9,146,9.8,6.466666666666667,1
Royal Challengers Bengaluru,Chennai Super Kings,M. Chinnaswamy Stadium,48,60,7,146,9.8,4.8,1
Royal Challengers Bengaluru,Chennai Super Kings,M. Chinnaswamy Stadium,-1,30,5,146,9.8,0.0,1
Gujarat Titans,Mumbai Indians,Wankhede Stadium,111,90,8,160,9.8,7.4,1
Gujarat Titans,Mumbai Indians,Wankhede Stadium,62,60,6,160,9.8,6.2,1
Gujarat Titans,Mumbai Indians,Wankhede Stadium,13,30,4,160,9.8,2.6,1
Mumbai Indians,Gujarat Titans,Wankhede Stadium,156,90,9,196,8.0,10.4,0
Mumbai Indians,Gujarat Titans,Wankhede Stadium,116,60,7,196,8.0,11.6,0
Mumbai Indians,Gujarat Titans,Wankhede Stadium,76,30,6,196,8.0,15.2,0
Delhi Capitals,Sunrisers Hyderabad,Rajiv Gandhi Intl. Cricket Stadium,122,96,10,163,10.25,7.625,1
Delhi Capitals,Sunrisers Hyderabad,Rajiv Gandhi Intl. Cricket Stadium,80,72,9,163,10.375,6.666666666666667,1
Delhi Capitals,Sunrisers Hyderabad,Rajiv Gandhi Intl. Cricket Stadium,39,48,8,163,10.333333333333334,4.875,1
Sunrisers Hyderabad,Delhi Capitals,Rajiv Gandhi Intl. Cricket Stadium,126,92,8,166,8.571428571428571,8.217391304347826,0
Sunrisers Hyderabad,Delhi Capitals,Rajiv Gandhi Intl. Cricket Stadium,85,64,5,166,8.678571428571429,7.96875,0
Sunrisers Hyderabad,Delhi Capitals,Rajiv Gandhi Intl. Cricket Stadium,44,36,3,166,8.714285714285714,7.333333333333333,0
Sunrisers Hyderabad,Delhi Capitals,Rajiv Gandhi Intl. Cricket Stadium,3,8,0,166,8.732142857142858,2.25,0
Rajasthan Royals,Chennai Super Kings,M. A. Chidambaram Stadium,131,90,8,176,9.0,8.733333333333333,1
Rajasthan Royals,Chennai Super Kings,M. A. Chidambaram Stadium,85,60,6,176,9.1,8.5,1
Rajasthan Royals,Chennai Super Kings,M. A. Chidambaram Stadium,40,30,4,176,9.066666666666666,8.0,1
Chennai Super Kings,Rajasthan Royals,M. A. Chidambaram Stadium,138,90,9,182,8.8,9.2,0
Chennai Super Kings,Rajasthan Royals,M. A. Chidambaram Stadium,94,60,7,182,8.8,9.4,0
Chennai Super Kings,Rajasthan Royals,M. A. Chidambaram Stadium,50,30,6,182,8.8,10.0,0
Mumbai Indians,Kolkata Knight Riders,Eden Gardens,86,101,10,116,9.473684210526315,5.108910891089109,1
Mumbai Indians,Kolkata Knight Riders,Eden Gardens,56,82,9,116,9.473684210526315,4.097560975609756,1
Mumbai Indians,Kolkata Knight Riders,Eden Gardens,26,63,9,116,9.473684210526315,2.4761904761904763,1
Kolkata Knight Riders,Mumbai Indians,Eden Gardens,92,96,8,121,7.25,5.75,0
Kolkata Knight Riders,Mumbai Indians,Eden Gardens,63,71,5,121,7.1020408163265305,5.323943661971831,0
Kolkata Knight Riders,Mumbai Indians,Eden Gardens,34,47,3,121,7.1506849315068495,4.340425531914893,0
Kolkata Knight Riders,Mumbai Indians,Eden Gardens,5,22,0,121,7.1020408163265305,1.3636363636363635,0
Lucknow Super Giants,Punjab Kings,"PCA New Stadium, Mullanpur",135,90,9,177,8.4,9.0,0
Lucknow Super Giants,Punjab Kings,"PCA New Stadium, Mullanpur",92,60,7,177,8.5,9.2,0
Lucknow Super Giants,Punjab Kings,"PCA New Stadium, Mullanpur",49,30,5,177,8.533333333333333,9.8,0
Punjab Kings,Lucknow Super Giants,"PCA New Stadium, Mullanpur",127,96,10,171,11.0,7.9375,1
Punjab Kings,Lucknow Super Giants,"PCA New Stadium, Mullanpur",83,71,9,171,10.775510204081632,7.014084507042254,1
Punjab Kings,Lucknow Super Giants,"PCA New Stadium, Mullanpur",39,47,9,171,10.849315068493151,4.9787234042553195,1
Punjab Kings,Lucknow Super Giants,"PCA New Stadium, Mullanpur",-6,22,8,171,10.83673469387755,0.0,1
Royal Challengers Bengaluru,Gujarat Titans,Narendra Modi Stadium,128,90,8,170,8.4,8.533333333333333,0
Royal Challengers Bengaluru,Gujarat Titans,Narendra Modi Stadium,86,60,6,170,8.4,8.6,0
Royal Challengers Bengaluru,Gujarat Titans,Narendra Modi Stadium,44,30,4,170,8.4,8.8,0
Gujarat Titans,Royal Challengers Bengaluru,Narendra Modi Stadium,127,94,10,169,9.692307692307692,8.106382978723405,1
Gujarat Titans,Royal Challengers Bengaluru,Narendra Modi Stadium,84,67,9,169,9.622641509433961,7.522388059701493,1
Gujarat Titans,Royal Challengers Bengaluru,Narendra Modi Stadium,42,40,9,169,9.525,6.3,1
Gujarat Titans,Royal Challengers Bengaluru,Narendra Modi Stadium,-1,13,8,169,9.532710280373832,0.0,1
Kolkata Knight Riders,Sunrisers Hyderabad,Rajiv Gandhi Intl. Cricket Stadium,70,90,9,120,10.0,4.666666666666667,1
Kolkata Knight Riders,Sunrisers Hyderabad,Rajiv Gandhi Intl. Cricket Stadium,20,60,7,120,10.0,2.0,1
Sunrisers Hyderabad,Kolkata Knight Riders,Rajiv Gandhi Intl. Cricket Stadium,170,95,8,200,7.2,10.736842105263158,0
Sunrisers Hyderabad,Kolkata Knight Riders,Rajiv Gandhi Intl. Cricket Stadium,140,70,5,200,7.2,12.0,0
Sunrisers Hyderabad,Kolkata Knight Riders,Rajiv Gandhi Intl. Cricket Stadium,110,45,3,200,7.2,14.666666666666666,0
Sunrisers Hyderabad,Kolkata Knight Riders,Rajiv Gandhi Intl. Cricket Stadium,80,20,0,200,7.2,24.0,0
Lucknow Super Giants,Mumbai Indians,Wankhede Stadium,141,90,8,191,10.0,9.4,1
Lucknow Super Giants,Mumbai Indians,Wankhede Stadium,90,60,6,191,10.1,9.0,1
Lucknow Super Giants,Mumbai Indians,Wankhede Stadium,39,30,4,191,10.133333333333333,7.8,1
Mumbai Indians,Lucknow Super Giants,Wankhede Stadium,156,90,9,203,9.4,10.4,0
Mumbai Indians,Lucknow Super Giants,Wankhede Stadium,108,60,8,203,9.5,10.8,0
Mumbai Indians,Lucknow Super Giants,Wankhede Stadium,60,30,7,203,9.533333333333333,12.0,0
Chennai Super Kings,Delhi Capitals,Arun Jaitley Stadium,144,90,9,183,7.8,9.6,0
Chennai Super Kings,Delhi Capitals,Arun Jaitley Stadium,104,60,8,183,7.9,10.4,0
Chennai Super Kings,Delhi Capitals,Arun Jaitley Stadium,65,30,7,183,7.866666666666666,13.0,0
Delhi Capitals,Chennai Super Kings,Arun Jaitley Stadium,113,90,9,158,9.0,7.533333333333333,1
Delhi Capitals,Chennai Super Kings,Arun Jaitley Stadium,67,60,7,158,9.1,6.7,1
Delhi Capitals,Chennai Super Kings,Arun Jaitley Stadium,21,30,6,158,9.133333333333333,4.2,1
Punjab Kings,Rajasthan Royals,Sawai Mansingh Stadium,167,90,8,205,7.6,11.133333333333333,0
Punjab Kings,Rajasthan Royals,Sawai Mansingh Stadium,128,60,6,205,7.7,12.8,0
Punjab Kings,Rajasthan Royals,Sawai Mansingh Stadium,89,30,4,205,7.733333333333333,17.8,0
Rajasthan Royals,Punjab Kings,Sawai Mansingh Stadium,104,90,9,155,10.2,6.933333333333334,1
Rajasthan Royals,Punjab Kings,Sawai Mansingh Stadium,53,60,8,155,10.2,5.3,1
Rajasthan Royals,Punjab Kings,Sawai Mansingh Stadium,2,30,7,155,10.2,0.4,1
Sunrisers Hyderabad,Gujarat Titans,Narendra Modi Stadium,115,90,8,153,7.6,7.666666666666667,0
Sunrisers Hyderabad,Gujarat Titans,Narendra Modi Stadium,77,60,6,153,7.6,7.7,0
Sunrisers Hyderabad,Gujarat Titans,Narendra Modi Stadium,39,30,4,153,7.6,7.8,0
Gujarat Titans,Sunrisers Hyderabad,Narendra Modi Stadium,114,95,10,152,9.12,7.2,1
Gujarat Titans,Sunrisers Hyderabad,Narendra Modi Stadium,76,70,9,152,9.12,6.514285714285714,1
Gujarat Titans,Sunrisers Hyderabad,Narendra Modi Stadium,38,45,8,152,9.12,5.066666666666666,1
Gujarat Titans,Sunrisers Hyderabad,Narendra Modi Stadium,-1,20,7,152,9.18,0.0,1
Mumbai Indians,Royal Challengers Bengaluru,M. Chinnaswamy Stadium,169,90,8,221,10.4,11.266666666666667,0
Mumbai Indians,Royal Challengers Bengaluru,M. Chinnaswamy Stadium,117,60,6,221,10.4,11.7,0
Mumbai Indians,Royal Challengers Bengaluru,M. Chinnaswamy Stadium,65,30,4,221,10.4,13.0,0
Royal Challengers Bengaluru,Mumbai Indians,M. Chinnaswamy Stadium,154,90,9,209,11.0,10.266666666666667,1
Royal Challengers Bengaluru,Mumbai Indians,M. Chinnaswamy Stadium,99,60,8,209,11.0,9.9,1
Royal Challengers Bengaluru,Mumbai Indians,M. Chinnaswamy Stadium,44,30,7,209,11.0,8.8,1
Kolkata Knight Riders,Lucknow Super Giants,BRSABV Ekana Cricket Stadium,180,90,9,238,11.6,12.0,0
Kolkata Knight Riders,Lucknow Super Giants,BRSABV Ekana Cricket Stadium,121,60,7,238,11.7,12.1,0
Kolkata Knight Riders,Lucknow Super Giants,BRSABV Ekana Cricket Stadium,63,30,5,238,11.666666666666666,12.6,0
Lucknow Super Giants,Kolkata Knight Riders,BRSABV Ekana Cricket Stadium,175,90,10,234,11.8,11.666666666666666,1
Lucknow Super Giants,Kolkata Knight Riders,BRSABV Ekana Cricket Stadium,115,60,9,234,11.9,11.5,1
Lucknow Super Giants,Kolkata Knight Riders,BRSABV Ekana Cricket Stadium,56,30,8,234,11.866666666666667,11.2,1
Punjab Kings,Chennai Super Kings,M. A. Chidambaram Stadium,147,90,9,201,10.8,9.8,1
Punjab Kings,Chennai Super Kings,M. A. Chidambaram Stadium,92,60,7,201,10.9,9.2,1
Punjab Kings,Chennai Super Kings,M. A. Chidambaram Stadium,37,30,6,201,10.933333333333334,7.4,1
Chennai Super Kings,Punjab Kings,M. A. Chidambaram Stadium,169,90,9,219,10.0,11.266666666666667,0
Chennai Super Kings,Punjab Kings,M. A. Chidambaram Stadium,119,60,8,219,10.0,11.9,0
Chennai Super Kings,Punjab Kings,M. A. Chidambaram Stadium,69,30,7,219,10.0,13.8,0
Gujarat Titans,Rajasthan Royals,Sawai Mansingh Stadium,105,90,9,159,10.8,7.0,1
Gujarat Titans,Rajasthan Royals,Sawai Mansingh Stadium,51,60,7,159,10.8,5.1,1
Rajasthan Royals,Gujarat Titans,Sawai Mansingh Stadium,178,91,8,217,8.068965517241379,11.736263736263735,0
Rajasthan Royals,Gujarat Titans,Sawai Mansingh Stadium,138,62,5,217,8.172413793103448,13.35483870967742,0
Rajasthan Royals,Gujarat Titans,Sawai Mansingh Stadium,98,33,3,217,8.206896551724139,17.818181818181817,0
Rajasthan Royals,Gujarat Titans,Sawai Mansingh Stadium,58,4,0,217,8.224137931034482,87.0,0
Royal Challengers Bengaluru,Delhi Capitals,Arun Jaitley Stadium,129,90,9,169,8.0,8.6,0
Royal Challengers Bengaluru,Delhi Capitals,Arun Jaitley Stadium,88,60,7,169,8.1,8.8,0
Royal Challengers Bengaluru,Delhi Capitals,Arun Jaitley Stadium,47,30,5,169,8.133333333333333,9.4,0
Delhi Capitals,Royal Challengers Bengaluru,Arun Jaitley Stadium,121,94,9,163,9.692307692307692,7.723404255319149,1
Delhi Capitals,Royal Challengers Bengaluru,Arun Jaitley Stadium,79,67,8,163,9.50943396226415,7.074626865671642,1
Delhi Capitals,Royal Challengers Bengaluru,Arun Jaitley Stadium,37,40,7,163,9.45,5.55,1
Delhi Capitals,Royal Challengers Bengaluru,Arun Jaitley Stadium,-6,13,6,163,9.476635514018692,0.0,1
Chennai Super Kings,Kolkata Knight Riders,Eden Gardens,82,90,8,107,5.0,5.466666666666667,0
Chennai Super Kings,Kolkata Knight Riders,Eden Gardens,56,60,6,107,5.1,5.6,0
Chennai Super Kings,Kolkata Knight Riders,Eden Gardens,30,30,4,107,5.133333333333334,6.0,0
Kolkata Knight Riders,Chennai Super Kings,Eden Gardens,77,105,10,103,10.4,4.4,1
Kolkata Knight Riders,Chennai Super Kings,Eden Gardens,50,90,9,103,10.6,3.3333333333333335,1
Kolkata Knight Riders,Chennai Super Kings,Eden Gardens,23,75,9,103,10.666666666666666,1.84,1
Kolkata Knight Riders,Chennai Super Kings,Eden Gardens,-4,59,8,103,10.524590163934427,0.0,1
Lucknow Super Giants,Gujarat Titans,Narendra Modi Stadium,134,91,9,180,9.517241379310345,8.835164835164836,1
Lucknow Super Giants,Gujarat Titans,Narendra Modi Stadium,87,62,8,180,9.620689655172415,8.419354838709678,1
Lucknow Super Giants,Gujarat Titans,Narendra Modi Stadium,41,33,7,180,9.586206896551724,7.454545454545454,1
Gujarat Titans,Lucknow Super Giants,Narendra Modi Stadium,141,90,9,186,9.0,9.4,0
Gujarat Titans,Lucknow Super Giants,Narendra Modi Stadium,96,60,7,186,9.0,9.6,0
Gujarat Titans,Lucknow Super Giants,Narendra Modi Stadium,51,30,6,186,9.0,10.2,0
Sunrisers Hyderabad,Punjab Kings,"PCA New Stadium, Mullanpur",184,93,10,245,13.555555555555555,11.870967741935484,1
Sunrisers Hyderabad,Punjab Kings,"PCA New Stadium, Mullanpur",122,65,9,245,13.418181818181818,11.261538461538462,1
Sunrisers Hyderabad,Punjab Kings,"PCA New Stadium, Mullanpur",60,37,9,245,13.373493975903614,9.72972972972973,1
Punjab Kings,Sunrisers Hyderabad,"PCA New Stadium, Mullanpur",186,90,9,247,12.2,12.4,0
Punjab Kings,Sunrisers Hyderabad,"PCA New Stadium, Mullanpur",125,60,7,247,12.2,12.5,0
Punjab Kings,Sunrisers Hyderabad,"PCA New Stadium, Mullanpur",64,30,6,247,12.2,12.8,0
Rajasthan Royals,Royal Challengers Bengaluru,M. Chinnaswamy Stadium,132,90,9,175,8.6,8.8,0
Rajasthan Royals,Royal Challengers Bengaluru,M. Chinnaswamy Stadium,89,60,8,175,8.6,8.9,0
Rajasthan Royals,Royal Challengers Bengaluru,M. Chinnaswamy Stadium,46,30,7,175,8.6,9.2,0
Royal Challengers Bengaluru,Rajasthan Royals,M. Chinnaswamy Stadium,130,94,10,173,9.923076923076923,8.297872340425531,1
Royal Challengers Bengaluru,Rajasthan Royals,M. Chinnaswamy Stadium,86,68,10,173,10.038461538461538,7.588235294117647,1
Royal Challengers Bengaluru,Rajasthan Royals,M. Chinnaswamy Stadium,42,42,10,173,10.076923076923077,6.0,1
Royal Challengers Bengaluru,Rajasthan Royals,M. Chinnaswamy Stadium,-2,15,9,173,10.0,0.0,1
Delhi Capitals,Mumbai Indians,Wankhede Stadium,157,92,8,205,10.285714285714286,10.23913043478261,0
Delhi Capitals,Mumbai Indians,Wankhede Stadium,109,63,5,205,10.105263157894736,10.380952380952381,0
Delhi Capitals,Mumbai Indians,Wankhede Stadium,61,35,3,205,10.16470588235294,10.457142857142857,0
Delhi Capitals,Mumbai Indians,Wankhede Stadium,12,6,0,205,10.157894736842104,12.0,0
Mumbai Indians,Delhi Capitals,Wankhede Stadium,142,90,9,193,10.2,9.466666666666667,1
Mumbai Indians,Delhi Capitals,Wankhede Stadium,91,60,8,193,10.2,9.1,1
Mumbai Indians,Delhi Capitals,Wankhede Stadium,40,30,7,193,10.2,8.0,1
Lucknow Super Giants,Chennai Super Kings,M. A. Chidambaram Stadium,127,90,9,168,8.2,8.466666666666667,0
Lucknow Super Giants,Chennai Super Kings,M. A. Chidambaram Stadium,85,60,7,168,8.3,8.5,0
Lucknow Super Giants,Chennai Super Kings,M. A. Chidambaram Stadium,44,30,5,168,8.266666666666667,8.8,0
Chennai Super Kings,Lucknow Super Giants,M. A. Chidambaram Stadium,124,91,9,166,8.689655172413794,8.175824175824175,1
Chennai Super Kings,Lucknow Super Giants,M. A. Chidambaram Stadium,82,62,8,166,8.689655172413794,7.935483870967742,1
Chennai Super Kings,Lucknow Super Giants,M. A. Chidambaram Stadium,40,33,7,166,8.689655172413794,7.2727272727272725,1
Chennai Super Kings,Lucknow Super Giants,M. A. Chidambaram Stadium,-2,3,5,166,8.615384615384615,0.0,1
Punjab Kings,Kolkata Knight Riders,Eden Gardens,68,97,8,95,7.043478260869565,4.206185567010309,1
Punjab Kings,Kolkata Knight Riders,Eden Gardens,40,74,5,95,7.173913043478261,3.2432432432432434,1
Punjab Kings,Kolkata Knight Riders,Eden Gardens,12,51,3,95,7.217391304347826,1.411764705882353,1
Kolkata Knight Riders,Punjab Kings,Eden Gardens,88,98,8,111,6.2727272727272725,5.387755102040816,0
Kolkata Knight Riders,Punjab Kings,Eden Gardens,64,75,5,111,6.266666666666667,5.12,0
Kolkata Knight Riders,Punjab Kings,Eden Gardens,40,52,3,111,6.264705882352941,4.615384615384615,0
Kolkata Knight Riders,Punjab Kings,Eden Gardens,16,29,0,111,6.263736263736264,3.310344827586207,0
Delhi Capitals,Rajasthan Royals,Sawai Mansingh Stadium,141,90,9,188,9.4,9.4,1
Delhi Capitals,Rajasthan Royals,Sawai Mansingh Stadium,94,60,8,188,9.4,9.4,1
Delhi Capitals,Rajasthan Royals,Sawai Mansingh Stadium,47,30,7,188,9.4,9.4,1
Rajasthan Royals,Delhi Capitals,Sawai Mansingh Stadium,141,90,9,188,9.4,9.4,0
Rajasthan Royals,Delhi Capitals,Sawai Mansingh Stadium,94,60,8,188,9.4,9.4,0
Rajasthan Royals,Delhi Capitals,Sawai Mansingh Stadium,47,30,7,188,9.4,9.4,0
Mumbai Indians,Sunrisers Hyderabad,Rajiv Gandhi Intl. Cricket Stadium,121,93,9,162,9.11111111111111,7.806451612903226,1
Mumbai Indians,Sunrisers Hyderabad,Rajiv Gandhi Intl. Cricket Stadium,79,66,7,162,9.222222222222221,7.181818181818182,1
Mumbai Indians,Sunrisers Hyderabad,Rajiv Gandhi Intl. Cricket Stadium,38,39,6,162,9.185185185185185,5.846153846153846,1
Sunrisers Hyderabad,Mumbai Indians,Rajiv Gandhi Intl. Cricket Stadium,126,90,9,166,8.0,8.4,0
Sunrisers Hyderabad,Mumbai Indians,Rajiv Gandhi Intl. Cricket Stadium,85,60,8,166,8.1,8.5,0
Sunrisers Hyderabad,Mumbai Indians,Rajiv Gandhi Intl. Cricket Stadium,45,30,7,166,8.066666666666666,9.0,0
Royal Challengers Bengaluru,Punjab Kings,"PCA New Stadium, Mullanpur",75,99,8,98,6.571428571428571,4.545454545454546,0
Royal Challengers Bengaluru,Punjab Kings,"PCA New Stadium, Mullanpur",51,78,6,98,6.714285714285714,3.923076923076923,0
Royal Challengers Bengaluru,Punjab Kings,"PCA New Stadium, Mullanpur",27,57,4,98,6.761904761904762,2.8421052631578947,0
Royal Challengers Bengaluru,Punjab Kings,"PCA New Stadium, Mullanpur",3,36,1,98,6.785714285714286,0.5,0
Punjab Kings,Royal Challengers Bengaluru,"PCA New Stadium, Mullanpur",71,102,9,95,8.0,4.176470588235294,1
Punjab Kings,Royal Challengers Bengaluru,"PCA New Stadium, Mullanpur",46,84,8,95,8.166666666666666,3.2857142857142856,1
Punjab Kings,Royal Challengers Bengaluru,"PCA New Stadium, Mullanpur",22,66,7,95,8.11111111111111,2.0,1
Punjab Kings,Royal Challengers Bengaluru,"PCA New Stadium, Mullanpur",-3,47,5,95,8.054794520547945,0.0,1
Gujarat Titans,Delhi Capitals,Arun Jaitley Stadium,152,91,10,203,10.551724137931034,10.021978021978022,1
Gujarat Titans,Delhi Capitals,Arun Jaitley Stadium,101,62,9,203,10.551724137931034,9.774193548387096,1
Gujarat Titans,Delhi Capitals,Arun Jaitley Stadium,50,33,8,203,10.551724137931034,9.090909090909092,1
Delhi Capitals,Gujarat Titans,Arun Jaitley Stadium,154,90,8,204,10.0,10.266666666666667,0
Delhi Capitals,Gujarat Titans,Arun Jaitley Stadium,103,60,6,204,10.1,10.3,0
Delhi Capitals,Gujarat Titans,Arun Jaitley Stadium,52,30,4,204,10.133333333333333,10.4,0
Rajasthan Royals,Lucknow Super Giants,BRSABV Ekana Cricket Stadium,136,90,9,180,8.8,9.066666666666666,0
Rajasthan Royals,Lucknow Super Giants,BRSABV Ekana Cricket Stadium,91,60,8,180,8.9,9.1,0
Rajasthan Royals,Lucknow Super Giants,BRSABV Ekana Cricket Stadium,47,30,7,180,8.866666666666667,9.4,0
Lucknow Super Giants,Rajasthan Royals,BRSABV Ekana Cricket Stadium,133,90,9,178,9.0,8.866666666666667,1
Lucknow Super Giants,Rajasthan Royals,BRSABV Ekana Cricket Stadium,88,60,8,178,9.0,8.8,1
Lucknow Super Giants,Rajasthan Royals,BRSABV Ekana Cricket Stadium,43,30,7,178,9.0,8.6,1
Punjab Kings,Royal Challengers Bengaluru,M. Chinnaswamy Stadium,120,90,9,159,7.8,8.0,0
Punjab Kings,Royal Challengers Bengaluru,M. Chinnaswamy Stadium,81,60,7,159,7.8,8.1,0
Punjab Kings,Royal Challengers Bengaluru,M. Chinnaswamy Stadium,42,30,6,159,7.8,8.4,0
Royal Challengers Bengaluru,Punjab Kings,M. Chinnaswamy Stadium,118,92,10,157,8.357142857142858,7.695652173913044,1
Royal Challengers Bengaluru,Punjab Kings,M. Chinnaswamy Stadium,78,64,9,157,8.464285714285714,7.3125,1
Royal Challengers Bengaluru,Punjab Kings,M. Chinnaswamy Stadium,38,36,8,157,8.5,6.333333333333333,1
Royal Challengers Bengaluru,Punjab Kings,M. Chinnaswamy Stadium,-2,7,7,157,8.442477876106194,0.0,1
Mumbai Indians,Chennai Super Kings,M. A. Chidambaram Stadium,132,97,10,176,11.478260869565217,8.164948453608247,1
Mumbai Indians,Chennai Super Kings,M. A. Chidambaram Stadium,88,73,10,176,11.23404255319149,7.232876712328767,1
Mumbai Indians,Chennai Super Kings,M. A. Chidambaram Stadium,44,50,10,176,11.314285714285715,5.28,1
Chennai Super Kings,Mumbai Indians,M. A. Chidambaram Stadium,133,90,9,177,8.8,8.866666666666667,0
Chennai Super Kings,Mumbai Indians,M. A. Chidambaram Stadium,89,60,8,177,8.8,8.9,0
Chennai Super Kings,Mumbai Indians,M. A. Chidambaram Stadium,45,30,7,177,8.8,9.0,0
Kolkata Knight Riders,Gujarat Titans,Narendra Modi Stadium,159,90,8,198,7.8,10.6,0
Kolkata Knight Riders,Gujarat Titans,Narendra Modi Stadium,119,60,6,198,7.9,11.9,0
Kolkata Knight Riders,Gujarat Titans,Narendra Modi Stadium,79,30,4,198,7.933333333333334,15.8,0
Gujarat Titans,Kolkata Knight Riders,Narendra Modi Stadium,110,90,10,159,9.8,7.333333333333333,1
Gujarat Titans,Kolkata Knight Riders,Narendra Modi Stadium,60,60,9,159,9.9,6.0,1
Gujarat Titans,Kolkata Knight Riders,Narendra Modi Stadium,11,30,8,159,9.866666666666667,2.2,1
Lucknow Super Giants,Delhi Capitals,Arun Jaitley Stadium,122,90,9,161,7.8,8.133333333333333,0
Lucknow Super Giants,Delhi Capitals,Arun Jaitley Stadium,82,60,7,161,7.9,8.2,0
Lucknow Super Giants,Delhi Capitals,Arun Jaitley Stadium,42,30,6,161,7.933333333333334,8.4,0
Delhi Capitals,Lucknow Super Giants,Arun Jaitley Stadium,119,94,10,159,9.23076923076923,7.595744680851064,1
Delhi Capitals,Lucknow Super Giants,Arun Jaitley Stadium,79,67,9,159,9.056603773584905,7.074626865671642,1
Delhi Capitals,Lucknow Super Giants,Arun Jaitley Stadium,39,40,9,159,9.0,5.85,1
Delhi Capitals,Lucknow Super Giants,Arun Jaitley Stadium,-2,13,8,159,9.02803738317757,0.0,1
Sunrisers Hyderabad,Mumbai Indians,Wankhede Stadium,111,90,8,146,7.0,7.4,0
Sunrisers Hyderabad,Mumbai Indians,Wankhede Stadium,75,60,6,146,7.1,7.5,0
Sunrisers Hyderabad,Mumbai Indians,Wankhede Stadium,39,30,4,146,7.133333333333334,7.8,0
Mumbai Indians,Sunrisers Hyderabad,Wankhede Stadium,107,97,10,143,9.391304347826088,6.618556701030927,1
Mumbai Indians,Sunrisers Hyderabad,Wankhede Stadium,70,73,9,143,9.319148936170214,5.7534246575342465,1
Mumbai Indians,Sunrisers Hyderabad,Wankhede Stadium,34,50,8,143,9.342857142857143,4.08,1
Mumbai Indians,Sunrisers Hyderabad,Wankhede Stadium,-3,26,7,143,9.319148936170214,0.0,1
Royal Challengers Bengaluru,Rajasthan Royals,Sawai Mansingh Stadium,143,90,9,194,10.2,9.533333333333333,1
Royal Challengers Bengaluru,Rajasthan Royals,Sawai Mansingh Stadium,92,60,8,194,10.2,9.2,1
Royal Challengers Bengaluru,Rajasthan Royals,Sawai Mansingh Stadium,41,30,7,194,10.2,8.2,1
Rajasthan Royals,Royal Challengers Bengaluru,Sawai Mansingh Stadium,157,90,8,205,9.6,10.466666666666667,0
Rajasthan Royals,Royal Challengers Bengaluru,Sawai Mansingh Stadium,108,60,6,205,9.7,10.8,0
Rajasthan Royals,Royal Challengers Bengaluru,Sawai Mansingh Stadium,60,30,4,205,9.666666666666666,12.0,0
Chennai Super Kings,Sunrisers Hyderabad,Rajiv Gandhi Intl. Cricket Stadium,117,91,8,155,7.862068965517241,7.714285714285714,0
Chennai Super Kings,Sunrisers Hyderabad,Rajiv Gandhi Intl. Cricket Stadium,78,61,5,155,7.830508474576271,7.672131147540983,0
Chennai Super Kings,Sunrisers Hyderabad,Rajiv Gandhi Intl. Cricket Stadium,40,31,3,155,7.752808988764045,7.741935483870968,0
Chennai Super Kings,Sunrisers Hyderabad,Rajiv Gandhi Intl. Cricket Stadium,1,1,0,155,7.764705882352941,6.0,0
Sunrisers Hyderabad,Chennai Super Kings,Rajiv Gandhi Intl. Cricket Stadium,116,92,9,154,8.142857142857142,7.565217391304348,1
Sunrisers Hyderabad,Chennai Super Kings,Rajiv Gandhi Intl. Cricket Stadium,77,64,8,154,8.25,7.21875,1
Sunrisers Hyderabad,Chennai Super Kings,Rajiv Gandhi Intl. Cricket Stadium,38,36,7,154,8.285714285714286,6.333333333333333,1
Sunrisers Hyderabad,Chennai Super Kings,Rajiv Gandhi Intl. Cricket Stadium,-1,8,5,154,8.303571428571429,0.0,1
Mumbai Indians,Lucknow Super Giants,BRSABV Ekana Cricket Stadium,108,90,9,161,10.6,7.2,1
Mumbai Indians,Lucknow Super Giants,BRSABV Ekana Cricket Stadium,54,60,7,161,10.7,5.4,1
Mumbai Indians,Lucknow Super Giants,BRSABV Ekana Cricket Stadium,0,30,5,161,10.733333333333333,0.0,1
Lucknow Super Giants,Mumbai Indians,BRSABV Ekana Cricket Stadium,175,90,8,215,8.0,11.666666666666666,0
Lucknow Super Giants,Mumbai Indians,BRSABV Ekana Cricket Stadium,135,60,5,215,8.0,13.5,0
Lucknow Super Giants,Mumbai Indians,BRSABV Ekana Cricket Stadium,95,30,3,215,8.0,19.0,0
Delhi Capitals,Royal Challengers Bengaluru,M. Chinnaswamy Stadium,125,90,8,165,8.0,8.333333333333334,0
Delhi Capitals,Royal Challengers Bengaluru,M. Chinnaswamy Stadium,84,60,6,165,8.1,8.4,0
Delhi Capitals,Royal Challengers Bengaluru,M. Chinnaswamy Stadium,44,30,4,165,8.066666666666666,8.8,0
Royal Challengers Bengaluru,Delhi Capitals,M. Chinnaswamy Stadium,121,93,9,162,9.11111111111111,7.806451612903226,1
Royal Challengers Bengaluru,Delhi Capitals,M. Chinnaswamy Stadium,80,65,8,162,8.945454545454545,7.384615384615385,1
Royal Challengers Bengaluru,Delhi Capitals,M. Chinnaswamy Stadium,39,37,7,162,8.891566265060241,6.324324324324325,1
Royal Challengers Bengaluru,Delhi Capitals,M. Chinnaswamy Stadium,-3,9,6,162,8.91891891891892,0.0,1
Rajasthan Royals,Gujarat Titans,Narendra Modi Stadium,156,97,10,209,13.826086956521738,9.649484536082474,1
Rajasthan Royals,Gujarat Titans,Narendra Modi Stadium,103,73,9,209,13.53191489361702,8.465753424657533,1
Rajasthan Royals,Gujarat Titans,Narendra Modi Stadium,50,49,9,209,13.43661971830986,6.122448979591836,1
Gujarat Titans,Rajasthan Royals,Narendra Modi Stadium,160,90,9,212,10.4,10.666666666666666,0
Gujarat Titans,Rajasthan Royals,Narendra Modi Stadium,108,60,8,212,10.4,10.8,0
Gujarat Titans,Rajasthan Royals,Narendra Modi Stadium,56,30,7,212,10.4,11.2,0
Delhi Capitals,Kolkata Knight Riders,Eden Gardens,157,90,8,204,9.4,10.466666666666667,0
Delhi Capitals,Kolkata Knight Riders,Eden Gardens,109,60,6,204,9.5,10.9,0
Delhi Capitals,Kolkata Knight Riders,Eden Gardens,62,30,4,204,9.466666666666667,12.4,0
Kolkata Knight Riders,Delhi Capitals,Eden Gardens,139,90,8,190,10.2,9.266666666666667,1
Kolkata Knight Riders,Delhi Capitals,Eden Gardens,88,60,6,190,10.2,8.8,1
Kolkata Knight Riders,Delhi Capitals,Eden Gardens,37,30,4,190,10.2,7.4,1
Chennai Super Kings,Punjab Kings,"PCA New Stadium, Mullanpur",147,91,8,194,9.724137931034482,9.692307692307692,0
Chennai Super Kings,Punjab Kings,"PCA New Stadium, Mullanpur",99,62,5,194,9.827586206896552,9.580645161290322,0
Chennai Super Kings,Punjab Kings,"PCA New Stadium, Mullanpur",52,33,3,194,9.793103448275861,9.454545454545455,0
Chennai Super Kings,Punjab Kings,"PCA New Stadium, Mullanpur",4,4,0,194,9.827586206896552,6.0,0
Punjab Kings,Chennai Super Kings,"PCA New Stadium, Mullanpur",142,91,9,190,9.931034482758621,9.362637362637363,1
Punjab Kings,Chennai Super Kings,"PCA New Stadium, Mullanpur",93,61,7,190,9.864406779661017,9.147540983606557,1
Punjab Kings,Chennai Super Kings,"PCA New Stadium, Mullanpur",45,32,6,190,9.886363636363637,8.4375,1
Punjab Kings,Chennai Super Kings,"PCA New Stadium, Mullanpur",-4,2,4,190,9.864406779661017,0.0,1
Rajasthan Royals,Mumbai Indians,Wankhede Stadium,188,96,8,217,7.25,11.75,0
Rajasthan Royals,Mumbai Indians,Wankhede Stadium,159,72,5,217,7.25,13.25,0
Rajasthan Royals,Mumbai Indians,Wankhede Stadium,130,48,3,217,7.25,16.25,0
Rajasthan Royals,Mumbai Indians,Wankhede Stadium,100,23,0,217,7.237113402061856,26.08695652173913,0
Mumbai Indians,Rajasthan Royals,Wankhede Stadium,63,90,10,117,10.8,4.2,1
Mumbai Indians,Rajasthan Royals,Wankhede Stadium,9,60,9,117,10.8,0.9,1
Mumbai Indians,Rajasthan Royals,Wankhede Stadium,-45,30,9,117,10.8,0.0,1
Gujarat Titans,Sunrisers Hyderabad,Rajiv Gandhi Intl. Cricket Stadium,130,90,9,186,11.2,8.666666666666666,1
Gujarat Titans,Sunrisers Hyderabad,Rajiv Gandhi Intl. Cricket Stadium,74,60,7,186,11.2,7.4,1
Gujarat Titans,Sunrisers Hyderabad,Rajiv Gandhi Intl. Cricket Stadium,18,30,6,186,11.2,3.6,1
Sunrisers Hyderabad,Gujarat Titans,Rajiv Gandhi Intl. Cricket Stadium,178,90,9,224,9.2,11.866666666666667,0
Sunrisers Hyderabad,Gujarat Titans,Rajiv Gandhi Intl. Cricket Stadium,131,60,7,224,9.3,13.1,0
Sunrisers Hyderabad,Gujarat Titans,Rajiv Gandhi Intl. Cricket Stadium,85,30,6,224,9.266666666666667,17.0,0
Royal Challengers Bengaluru,Chennai Super Kings,M. A. Chidambaram Stadium,158,90,9,211,10.6,10.533333333333333,1
Royal Challengers Bengaluru,Chennai Super Kings,M. A. Chidambaram Stadium,105,60,8,211,10.6,10.5,1
Royal Challengers Bengaluru,Chennai Super Kings,M. A. Chidambaram Stadium,52,30,7,211,10.6,10.4,1
Chennai Super Kings,Royal Challengers Bengaluru,M. A. Chidambaram Stadium,161,90,9,213,10.4,10.733333333333333,0
Chennai Super Kings,Royal Challengers Bengaluru,M. A. Chidambaram Stadium,108,60,8,213,10.5,10.8,0
Chennai Super Kings,Royal Challengers Bengaluru,M. A. Chidambaram Stadium,55,30,7,213,10.533333333333333,11.0,0
Punjab Kings,Lucknow Super Giants,BRSABV Ekana Cricket Stadium,140,90,9,199,11.8,9.333333333333334,1
Punjab Kings,Lucknow Super Giants,BRSABV Ekana Cricket Stadium,81,60,8,199,11.8,8.1,1
Punjab Kings,Lucknow Super Giants,BRSABV Ekana Cricket Stadium,22,30,7,199,11.8,4.4,1
Lucknow Super Giants,Punjab Kings,BRSABV Ekana Cricket Stadium,187,90,9,236,9.8,12.466666666666667,0
Lucknow Super Giants,Punjab Kings,BRSABV Ekana Cricket Stadium,137,60,7,236,9.9,13.7,0
Lucknow Super Giants,Punjab Kings,BRSABV Ekana Cricket Stadium,87,30,5,236,9.933333333333334,17.4,0
Mumbai Indians,Gujarat Titans,Narendra Modi Stadium,109,90,8,147,7.6,7.266666666666667,0
Mumbai Indians,Gujarat Titans,Narendra Modi Stadium,70,60,6,147,7.7,7.0,0
Mumbai Indians,Gujarat Titans,Narendra Modi Stadium,31,30,4,147,7.733333333333333,6.2,0
Gujarat Titans,Mumbai Indians,Narendra Modi Stadium,119,92,9,155,7.714285714285714,7.760869565217392,1
Gujarat Titans,Mumbai Indians,Narendra Modi Stadium,82,63,7,155,7.684210526315789,7.809523809523809,1
Gujarat Titans,Mumbai Indians,Narendra Modi Stadium,45,35,5,155,7.764705882352941,7.714285714285714,1
Gujarat Titans,Mumbai Indians,Narendra Modi Stadium,8,6,3,155,7.7368421052631575,8.0,1
Kolkata Knight Riders,Chennai Super Kings,M. A. Chidambaram Stadium,139,90,9,183,8.8,9.266666666666667,0
Kolkata Knight Riders,Chennai Super Kings,M. A. Chidambaram Stadium,94,60,7,183,8.9,9.4,0
Kolkata Knight Riders,Chennai Super Kings,M. A. Chidambaram Stadium,49,30,6,183,8.933333333333334,9.8,0
Chennai Super Kings,Kolkata Knight Riders,M. A. Chidambaram Stadium,134,91,8,179,9.310344827586206,8.835164835164836,1
Chennai Super Kings,Kolkata Knight Riders,M. A. Chidambaram Stadium,88,61,6,179,9.254237288135593,8.655737704918034,1
Chennai Super Kings,Kolkata Knight Riders,M. A. Chidambaram Stadium,42,32,4,179,9.340909090909092,7.875,1
Chennai Super Kings,Kolkata Knight Riders,M. A. Chidambaram Stadium,-4,2,2,179,9.305084745762711,0.0,1
